City ID,City,Country,Lat,Lng,Max Temp,Humidity,Cloudiness,Wind Speed,Current Description
0,Mount Isa,AU,-20.7333,139.5,73.17,35,10,21.85,clear sky
1,Torbay,CA,47.6666,-52.7314,40.87,89,100,11.5,overcast clouds
2,Ushuaia,AR,-54.8,-68.3,38.86,75,20,6.91,few clouds
3,Hurghada,EG,27.2574,33.8129,73.44,40,0,21.85,clear sky
4,Butaritari,KI,3.0707,172.7902,81.36,77,28,13.02,scattered clouds
5,Nikolskoye,RU,59.7035,30.7861,39.09,64,94,6.87,overcast clouds
6,Busselton,AU,-33.65,115.3333,59.11,49,0,16.37,clear sky
7,Yerbogachen,RU,61.2767,108.0108,33.76,71,23,12.21,few clouds
8,Gdov,RU,58.7406,27.8122,35.38,67,100,6.02,overcast clouds
9,Abha,SA,18.2164,42.5053,62.42,77,0,0.0,clear sky
10,Novoagansk,RU,61.9449,76.6625,45.99,67,66,16.17,broken clouds
11,Ilo,PE,-17.6394,-71.3375,65.98,83,4,5.17,clear sky
12,Goderich,CA,43.7501,-81.7165,40.91,87,12,6.91,few clouds
13,Albany,US,42.6001,-73.9662,54.52,93,98,4.52,overcast clouds
14,Praya,CV,14.9215,-23.5087,70.34,83,0,18.41,clear sky
15,Kilindoni,TZ,-7.9139,39.6668,79.5,75,49,18.43,light rain
16,Sola,VU,-13.8833,167.55,81.86,70,20,3.85,few clouds
17,Tiksi,RU,71.6872,128.8694,17.35,92,100,4.14,overcast clouds
18,Kloulklubed,PW,7.0419,134.2556,82.9,79,82,16.04,broken clouds
19,Carutapera,BR,-1.195,-46.02,75.36,95,51,4.79,broken clouds
20,Margate,GB,51.3813,1.3862,51.87,88,10,4.0,clear sky
21,Kulachi,PK,31.9286,70.4592,81.39,38,0,6.55,clear sky
22,Shingu,JP,33.7333,135.9833,69.03,48,100,3.51,overcast clouds
23,Muros,ES,42.7762,-9.0603,55.09,77,34,12.33,scattered clouds
24,Vaini,TO,-21.2,-175.2,78.96,78,40,5.75,scattered clouds
25,Georgetown,MY,5.4112,100.3354,85.95,83,20,4.61,few clouds
26,Bethel,US,41.3712,-73.414,57.36,89,63,5.01,broken clouds
27,Verkhoyansk,RU,67.5447,133.385,29.88,87,100,4.88,overcast clouds
28,Yellowknife,CA,62.456,-114.3525,37.92,100,75,17.27,light rain
29,Lavrentiya,RU,65.5833,-171.0,29.32,77,35,5.55,scattered clouds
30,Ambilobe,MG,-13.2,49.05,68.09,88,43,3.42,scattered clouds
31,Sobolevo,RU,54.4299,31.8996,31.48,59,11,2.64,few clouds
32,Tasiilaq,GL,65.6145,-37.6368,23.16,81,70,5.06,broken clouds
33,Kurchum,KZ,48.5722,83.6542,58.01,47,100,3.98,overcast clouds
34,Mataura,NZ,-46.1927,168.8643,64.47,53,53,2.86,broken clouds
35,Mutsu,JP,41.2894,141.2169,61.75,56,99,5.1,overcast clouds
36,Punta Arenas,CL,-53.15,-70.9167,41.11,87,75,14.97,light rain
37,Rikitea,PF,-23.1203,-134.9692,77.63,84,71,19.95,light rain
38,Bluff,NZ,-46.6,168.3333,64.8,71,60,4.7,broken clouds
39,Nara,JP,34.6851,135.8049,75.49,31,100,1.81,overcast clouds
40,Paamiut,GL,61.994,-49.6678,24.91,59,100,8.7,overcast clouds
41,Jadu,LY,31.953,12.0261,68.07,26,47,33.89,scattered clouds
42,Cape Town,ZA,-33.9258,18.4232,58.12,98,100,4.61,fog
43,Taoudenni,ML,22.6783,-3.9836,84.38,14,38,3.6,scattered clouds
44,Severo-Kurilsk,RU,50.6789,156.125,35.74,90,76,10.0,broken clouds
45,Hermanus,ZA,-34.4187,19.2345,61.36,80,16,4.38,few clouds
46,Havelock,US,34.8791,-76.9013,73.94,89,0,10.36,clear sky
47,Barrow,US,71.2906,-156.7887,15.82,79,100,14.97,light snow
48,Kyabe,TD,9.4515,18.9449,78.8,66,97,4.99,overcast clouds
49,Anloga,GH,5.7947,0.8973,81.99,80,100,7.45,overcast clouds
50,Port Elizabeth,ZA,-33.918,25.5701,61.11,100,75,5.75,broken clouds
51,Usvyaty,RU,55.7456,30.7533,31.41,62,89,4.25,overcast clouds
52,Vila,PT,42.0304,-8.1588,45.48,87,45,4.21,scattered clouds
53,Avarua,CK,-21.2078,-159.775,84.25,70,75,8.05,broken clouds
54,Pevek,RU,69.7008,170.3133,23.63,81,100,7.25,overcast clouds
55,Hobart,AU,-42.8794,147.3294,57.25,73,40,6.91,scattered clouds
56,Puerto Ayora,EC,-0.7393,-90.3518,73.38,91,44,4.12,scattered clouds
57,New Norfolk,AU,-42.7826,147.0587,56.91,73,64,1.99,broken clouds
58,Hofn,IS,64.2539,-15.2082,40.84,71,100,3.6,overcast clouds
59,North Platte,US,41.1239,-100.7654,46.29,93,100,5.99,overcast clouds
60,Comalcalco,MX,18.2667,-93.2167,82.71,75,10,12.93,clear sky
61,Xining,CN,36.6167,101.7667,65.75,20,0,2.71,clear sky
62,Khatanga,RU,71.9667,102.5,22.01,82,37,13.27,scattered clouds
63,Dikson,RU,73.5069,80.5464,31.23,93,100,15.68,overcast clouds
64,Airai,TL,-8.9266,125.4092,74.82,58,100,4.32,overcast clouds
65,Rocha,UY,-34.4833,-54.3333,51.58,93,0,4.76,clear sky
66,Mana,GF,5.6592,-53.7767,75.54,91,100,3.18,overcast clouds
67,Alamosa,US,37.4695,-105.87,42.78,39,20,12.66,few clouds
68,Lebu,CL,-37.6167,-73.65,53.8,96,49,9.53,scattered clouds
69,Tuatapere,NZ,-46.1333,167.6833,64.81,69,97,4.81,overcast clouds
70,Bend,US,44.0582,-121.3153,71.46,39,0,8.05,clear sky
71,Mayo,US,38.8876,-76.5119,66.31,93,0,1.01,mist
72,La Asuncion,VE,11.0333,-63.8628,67.73,100,68,17.27,broken clouds
73,Dingle,PH,10.9995,122.6711,88.39,61,100,12.64,overcast clouds
74,Terre-De-Bas,GP,15.8501,-61.6442,78.31,77,24,19.15,few clouds
75,Anadyr,RU,64.75,177.4833,32.5,74,0,4.47,clear sky
76,Hammerfest,NO,70.6634,23.6821,25.25,86,40,3.44,scattered clouds
77,Bredasdorp,ZA,-34.5322,20.0403,57.61,91,100,1.79,overcast clouds
78,Russell,US,32.3502,-85.1999,78.4,89,0,0.0,clear sky
79,Kahului,US,20.8947,-156.47,82.42,68,40,27.63,scattered clouds
80,Saskylakh,RU,71.9167,114.0833,28.58,89,94,7.54,overcast clouds
81,Tuktoyaktuk,CA,69.4541,-133.0374,26.6,86,100,13.8,overcast clouds
82,Castro,BR,-24.7911,-50.0119,48.2,97,2,4.54,clear sky
83,Teknaf,BD,20.8624,92.3058,86.79,57,1,2.15,clear sky
84,Samarai,PG,-10.6167,150.6667,83.19,77,72,9.42,broken clouds
85,Ponta Do Sol,PT,32.6667,-17.1,64.0,70,24,6.31,few clouds
86,San Andres,CO,12.5847,-81.7006,82.42,83,20,10.36,few clouds
87,Saint-Joseph,RE,-21.3667,55.6167,73.78,83,22,15.01,light rain
88,Mahebourg,MU,-20.4081,57.7,77.29,83,40,16.11,scattered clouds
89,Kamaishi,JP,39.2667,141.8833,61.63,53,15,6.4,few clouds
90,Klaksvik,FO,62.2266,-6.589,43.72,74,75,10.27,broken clouds
91,Sept-Iles,CA,50.2001,-66.3821,32.52,100,75,0.0,broken clouds
92,San Patricio,US,28.017,-97.5169,81.9,89,100,14.05,overcast clouds
93,Lompoc,US,34.6391,-120.4579,69.94,88,75,13.8,fog
94,Makakilo City,US,21.3469,-158.0858,82.72,56,75,19.57,broken clouds
95,Kapaa,US,22.0752,-159.319,82.38,77,40,14.97,light rain
96,Ancud,CL,-41.8697,-73.8203,53.6,98,100,6.31,overcast clouds
97,Atuona,PF,-9.8,-139.0333,79.2,74,13,15.39,few clouds
98,Buchanan,LR,5.8808,-10.0467,78.96,87,84,2.3,moderate rain
99,Tucuman,AR,-26.8241,-65.2226,53.6,87,0,9.22,clear sky
100,Rockland,US,41.1668,-74.0496,61.43,92,76,5.08,broken clouds
101,Victoria,HK,22.2855,114.1577,81.25,69,100,13.0,overcast clouds
102,Belmonte,BR,-15.8631,-38.8828,77.94,87,1,10.11,clear sky
103,Mogadishu,SO,2.0371,45.3438,80.73,78,94,12.82,overcast clouds
104,Mar Del Plata,AR,-38.0023,-57.5575,55.87,72,0,13.8,clear sky
105,Gimli,CA,50.6336,-96.9907,44.62,81,64,9.22,broken clouds
106,Yeppoon,AU,-23.1333,150.7333,83.98,73,22,9.1,few clouds
107,Kawalu,ID,-7.3817,108.2082,83.68,70,64,3.67,broken clouds
108,Cherskiy,RU,68.75,161.3,33.08,99,100,4.32,overcast clouds
109,Tutora,RO,47.1333,27.7833,48.54,76,0,3.44,clear sky
110,Carmen,MX,18.6333,-91.8333,86.04,74,0,9.22,clear sky
111,Salalah,OM,17.0151,54.0924,82.49,65,20,5.75,few clouds
112,Tilichiki,RU,60.4667,166.1,31.82,87,87,9.53,overcast clouds
113,Coquimbo,CL,-29.9533,-71.3436,53.33,93,0,1.14,clear sky
114,Geraldton,AU,-28.7667,114.6,70.21,37,0,29.93,clear sky
115,Rawson,AR,-43.3002,-65.1023,62.69,54,81,11.41,broken clouds
116,Gerede,TR,40.8008,32.1969,34.63,96,99,6.73,overcast clouds
117,Jamestown,US,42.097,-79.2353,51.03,90,75,3.44,broken clouds
118,Hirara,JP,24.8,125.2833,75.47,94,75,18.41,heavy intensity rain
119,Upernavik,GL,72.7868,-56.1549,1.83,93,9,5.99,clear sky
120,Hithadhoo,MV,-0.6,73.0833,83.17,74,100,19.04,heavy intensity rain
121,Port Alfred,ZA,-33.5906,26.891,64.24,83,68,4.76,broken clouds
122,Manali,IN,13.1667,80.2667,87.89,82,72,9.78,broken clouds
123,Ambon,ID,-3.6954,128.1814,91.54,55,20,4.61,few clouds
124,Bathsheba,BB,13.2167,-59.5167,79.41,83,40,14.97,scattered clouds
125,Chuy,UY,-33.6971,-53.4616,55.42,82,0,3.02,clear sky
126,Sabang,ID,5.8933,95.3214,82.56,78,100,17.27,light rain
127,Wokha,IN,26.1,94.2667,69.39,56,2,1.5,clear sky
128,Niquelandia,BR,-14.4739,-48.4597,74.68,64,56,1.12,broken clouds
129,Luderitz,NA,-26.6481,15.1594,68.22,46,0,3.98,clear sky
130,Richards Bay,ZA,-28.783,32.0377,63.57,93,0,3.6,clear sky
131,Socorro,US,31.6546,-106.3033,83.41,10,0,12.66,clear sky
132,Lagoa,PT,39.05,-27.9833,61.12,86,100,20.45,overcast clouds
133,Gazli,UZ,40.1333,63.45,75.74,30,99,3.49,overcast clouds
134,Walvis Bay,NA,-22.9575,14.5053,76.15,29,0,11.5,clear sky
135,Thinadhoo,MV,0.5333,72.9333,80.62,83,100,15.59,overcast clouds
136,Chicama,PE,-7.8447,-79.1469,61.34,81,60,6.11,broken clouds
137,Bolobo,CD,-2.1667,16.2333,71.87,95,52,1.57,broken clouds
138,Nioro,GM,13.35,-15.75,79.03,37,5,7.18,clear sky
139,Usta Muhammad,PK,28.1794,68.0445,94.8,23,0,12.24,clear sky
140,Vitim,RU,59.4511,112.5578,36.77,70,100,13.31,overcast clouds
141,Norman Wells,CA,65.282,-126.8329,37.44,87,75,11.5,broken clouds
142,Khowst,AF,33.3833,69.8833,69.4,44,0,0.96,clear sky
143,Bow Island,CA,49.8668,-111.3684,64.69,34,96,12.66,overcast clouds
144,Nome,US,64.5011,-165.4064,40.15,80,0,5.75,clear sky
145,Ambatofinandrahana,MG,-20.55,46.8,50.16,96,6,4.61,clear sky
146,Norcasia,CO,5.5778,-74.8852,72.0,90,100,3.53,overcast clouds
147,Kapoeta,SS,4.7717,33.5903,76.73,60,97,10.42,overcast clouds
148,Bambous Virieux,MU,-20.3428,57.7575,77.25,83,40,16.11,light rain
149,Iiyama,JP,36.85,138.3667,76.84,37,7,1.19,clear sky
150,Vernon,CA,50.2581,-119.2691,59.61,75,100,3.0,overcast clouds
151,Port Lincoln,AU,-34.7333,135.8667,57.72,54,88,20.18,overcast clouds
152,Guerrero Negro,MX,27.9769,-114.0611,59.56,81,0,14.76,clear sky
153,La Ronge,CA,55.1001,-105.2842,39.45,75,100,14.97,overcast clouds
154,Thompson,CA,55.7435,-97.8558,30.36,69,100,4.61,overcast clouds
155,Hilo,US,19.7297,-155.09,77.29,93,100,3.44,moderate rain
156,Kodiak,US,57.79,-152.4072,42.31,81,100,12.66,moderate rain
157,Qaanaaq,GL,77.484,-69.3632,16.81,93,100,4.41,overcast clouds
158,Isangel,VU,-19.55,169.2667,81.01,71,7,7.67,clear sky
159,Vysokogornyy,RU,50.1167,139.15,50.31,63,100,5.99,overcast clouds
160,Axim,GH,4.8699,-2.2405,79.84,86,100,5.82,overcast clouds
161,Tual,ID,-5.6667,132.75,84.04,71,100,8.84,moderate rain
162,Bucerias,MX,20.75,-105.3333,76.98,78,75,8.05,broken clouds
163,Beyneu,KZ,45.3167,55.2,60.21,45,2,11.95,clear sky
164,Bud,US,39.447,-86.1758,59.02,82,100,5.7,overcast clouds
165,Aitape,PG,-3.1374,142.3475,83.89,78,75,5.61,broken clouds
166,Corowa,AU,-36.0333,146.3833,59.58,47,0,9.95,clear sky
167,Touros,BR,-5.1989,-35.4608,76.17,93,91,10.94,heavy intensity rain
168,Kulhudhuffushi,MV,6.6221,73.07,85.15,71,100,14.25,overcast clouds
169,Beloha,MG,-25.1667,45.05,64.8,91,71,7.81,broken clouds
170,Okhotsk,RU,59.3833,143.3,33.22,89,100,14.2,overcast clouds
171,Tokur,RU,53.1333,132.9,33.35,100,100,1.34,snow
172,Biak,ID,-0.9131,122.8766,84.0,69,89,2.73,overcast clouds
173,Santa Cruz,BO,-17.8,-63.1667,58.46,77,5,4.61,clear sky
174,Husavik,IS,66.0449,-17.3389,31.33,93,100,1.34,overcast clouds
175,Necochea,AR,-38.5473,-58.7368,54.82,68,88,11.34,overcast clouds
176,Dukat,RU,62.55,155.55,32.77,97,5,3.42,clear sky
177,Tura,IN,25.5198,90.2201,80.55,63,10,1.54,clear sky
178,Bokoro,TD,12.3807,17.0568,85.05,52,100,12.77,overcast clouds
179,Vila Velha,BR,-20.3297,-40.2925,80.55,83,40,8.05,scattered clouds
180,Mandal,IN,25.45,74.5667,89.29,28,0,10.29,clear sky
181,Sao Filipe,CV,14.8961,-24.4956,71.73,80,7,3.22,clear sky
182,Nuevo Progreso,MX,23.1667,-97.95,80.47,70,9,1.01,clear sky
183,Nanakuli,US,21.3906,-158.1547,84.15,56,75,12.66,broken clouds
184,Tsiroanomandidy,MG,-18.7667,46.0333,63.21,79,40,2.13,scattered clouds
185,Chokurdakh,RU,70.6333,147.9167,24.1,82,100,6.13,overcast clouds
186,Biloela,AU,-24.4167,150.5,84.7,39,0,1.92,clear sky
187,Lasa,IT,46.6166,10.7002,49.08,91,69,1.14,broken clouds
188,Acapulco,MX,16.8634,-99.8901,80.42,78,100,9.22,overcast clouds
189,Pueblo Nuevo,MX,23.3833,-105.3833,54.16,52,35,3.58,scattered clouds
190,Moerai,PF,-22.4333,-151.3333,79.3,83,100,15.14,light rain
191,Arraial Do Cabo,BR,-22.9661,-42.0278,75.16,87,87,8.41,overcast clouds
192,Aguimes,ES,27.9054,-15.4461,61.43,59,40,13.8,scattered clouds
193,Jacareacanga,BR,-6.2222,-57.7528,73.53,98,99,1.34,overcast clouds
194,Maldonado,UY,-34.6667,-54.9167,55.22,90,4,4.81,clear sky
195,Qaqortoq,GL,60.7167,-46.0333,31.87,76,100,5.06,overcast clouds
196,Xingyi,CN,24.1877,102.817,56.05,89,100,1.72,overcast clouds
197,Orumiyeh,IR,37.5527,45.0761,49.55,87,0,6.91,clear sky
198,Kavieng,PG,-2.5744,150.7967,84.87,74,99,13.18,light rain
199,Kruisfontein,ZA,-34.0033,24.7314,58.89,88,70,4.16,broken clouds
200,Parrita,CR,9.5201,-84.3225,76.51,94,100,3.18,overcast clouds
201,Luan,CH,46.3592,6.9759,46.36,92,100,2.82,overcast clouds
202,Road Town,VG,18.4167,-64.6167,78.89,83,40,10.36,scattered clouds
203,Sao Jose Da Coroa Grande,BR,-8.8978,-35.1478,77.72,87,40,7.9,scattered clouds
204,Dossor,KZ,47.5272,52.9811,57.65,45,0,6.64,clear sky
205,Pisco,PE,-13.7,-76.2167,64.02,88,0,12.66,clear sky
206,Jacmel,HT,18.2342,-72.5347,80.44,85,59,2.24,broken clouds
207,Takapau,NZ,-40.0333,176.35,63.73,64,7,5.88,clear sky
208,Esperance,AU,-33.8667,121.9,60.64,57,89,12.41,overcast clouds
209,Faya,SA,18.3851,42.4509,62.71,59,5,1.97,clear sky
210,Cidreira,BR,-30.1811,-50.2056,66.11,72,100,11.68,overcast clouds
211,Los Zacatones,MX,22.95,-102.05,74.03,19,97,18.9,overcast clouds
212,Zaros,GR,35.1316,24.9046,56.97,79,0,5.5,clear sky
213,Erenhot,CN,43.6475,111.9767,61.86,35,100,22.64,moderate rain
214,Mikhaylovka,RU,50.06,43.2379,47.79,87,95,13.65,overcast clouds
215,Valdosta,US,30.8327,-83.2785,75.15,79,0,0.0,clear sky
216,Bambanglipuro,ID,-7.95,110.2833,83.7,73,97,5.5,overcast clouds
217,Fort Abbas,PK,29.1925,72.8536,91.09,31,0,3.8,clear sky
218,Cabo San Lucas,MX,22.8909,-109.9124,76.3,68,0,11.5,clear sky
219,Praia Da Vitoria,PT,38.7333,-27.0667,61.75,94,40,11.01,scattered clouds
220,Chalus,IR,36.655,51.4204,60.26,94,100,0.0,overcast clouds
221,Iqaluit,CA,63.7506,-68.5145,8.33,78,20,20.71,few clouds
222,Chara,RU,56.9064,118.2631,34.38,42,98,1.43,light snow
223,Fontem,CM,5.4685,9.8818,66.56,88,99,3.49,overcast clouds
224,Karpathos,GR,35.507,27.2132,60.76,72,0,26.46,clear sky
225,Samarinda,ID,-0.5,117.15,89.71,53,25,4.23,scattered clouds
226,Kavaratti,IN,10.5669,72.642,85.06,74,100,14.03,overcast clouds
227,Katsuura,JP,35.1333,140.3,68.95,70,100,13.87,overcast clouds
228,Huarmey,PE,-10.0681,-78.1522,66.33,85,76,5.82,broken clouds
229,Bukama,CD,-9.2,25.85,66.04,86,12,1.97,few clouds
230,Porto Novo,BJ,6.4965,2.6036,75.02,90,100,3.74,overcast clouds
231,Boda,CF,4.3189,17.4695,70.61,89,43,0.58,light rain
232,Strezhevoy,RU,60.7333,77.5889,51.42,52,97,15.05,overcast clouds
233,Nizhniy Kuranakh,RU,58.8353,125.4869,37.51,76,100,11.52,light rain
234,Carnarvon,AU,-24.8667,113.6333,82.47,30,40,18.41,scattered clouds
235,Itoman,JP,26.1247,127.6694,75.58,96,75,13.8,broken clouds
236,Adrar,MR,20.5022,-10.0711,75.16,20,6,8.34,clear sky
237,Alappuzha,IN,9.49,76.3264,79.9,84,100,11.14,overcast clouds
238,Egvekinot,RU,66.3167,-179.1667,24.44,74,58,3.15,broken clouds
239,Ponta Delgada,PT,37.7333,-25.6667,63.32,77,75,10.36,broken clouds
240,Funadhoo,MV,6.15,73.2667,84.85,73,100,14.94,overcast clouds
241,Cabrobo,BR,-8.5142,-39.31,74.61,76,100,11.74,overcast clouds
242,Avanigadda,IN,16.0215,80.9181,91.17,52,54,9.24,broken clouds
243,Panguipulli,CL,-39.6333,-72.3333,50.54,99,82,1.39,broken clouds
244,Clyde River,CA,70.4692,-68.5914,23.23,74,100,9.22,overcast clouds
245,Fukue,JP,32.6881,128.8419,70.16,73,20,10.36,few clouds
246,Ranong,TH,9.9658,98.6348,82.33,86,96,4.56,overcast clouds
247,Bandar-E Lengeh,IR,26.5579,54.8807,75.31,94,0,4.61,mist
248,Balabag,PH,11.97,121.9192,83.8,74,20,18.16,few clouds
249,Los Llanos De Aridane,ES,28.6585,-17.9182,62.35,78,75,11.5,broken clouds
250,Saint-Francois,FR,46.4154,3.9054,49.68,93,99,2.3,overcast clouds
251,Mocuba,MZ,-16.8392,36.9856,64.31,98,63,3.85,broken clouds
252,Vostok,RU,46.4856,135.8833,65.46,41,69,6.67,broken clouds
253,Waipawa,NZ,-41.4122,175.5153,64.08,58,1,4.72,clear sky
254,Palmer,US,42.1584,-72.3287,54.01,89,100,3.44,overcast clouds
255,Lufilufi,WS,-13.8745,-171.5986,87.58,70,21,5.12,few clouds
256,Beringovskiy,RU,63.05,179.3167,28.53,76,53,9.64,broken clouds
257,Leningradskiy,RU,69.3833,178.4167,23.25,88,84,10.89,broken clouds
258,Russellville,US,35.2784,-93.1338,63.14,71,0,5.75,clear sky
259,Chincha Alta,PE,-13.4099,-76.1323,61.39,85,4,1.32,clear sky
260,Lahat,ID,-3.8,103.5333,86.45,61,59,4.12,broken clouds
261,Saint-Philippe,RE,-21.3585,55.7679,74.79,86,41,14.7,light rain
262,Mnogovershinnyy,RU,53.9353,139.9242,38.3,79,100,7.99,overcast clouds
263,Ayagoz,KZ,47.9714,80.4392,54.66,35,100,7.74,overcast clouds
264,Juru,MY,5.312,100.4423,85.96,82,20,4.61,few clouds
265,Coihaique,CL,-45.5752,-72.0662,48.15,57,75,4.61,broken clouds
266,Kosa,RU,59.9445,54.9977,33.33,90,71,7.25,broken clouds
267,Deputatskiy,RU,69.3,139.9,24.19,87,98,4.09,overcast clouds
268,Ilulissat,GL,69.2167,-51.1,15.82,62,75,0.0,broken clouds
269,Ballina,AU,-28.8667,153.5667,80.02,76,40,12.66,scattered clouds
270,Ribeira Grande,PT,38.5167,-28.7,62.56,86,100,19.1,overcast clouds
271,Yongan,CN,39.6957,113.6871,79.63,18,100,10.47,overcast clouds
272,Abu Kamal,SY,34.4506,40.9171,66.16,44,0,17.76,clear sky
273,Kupang,ID,-10.1667,123.5833,87.19,65,78,10.22,broken clouds
274,Portland,US,45.5234,-122.6762,71.64,57,0,1.99,clear sky
275,Abu Samrah,SY,35.3029,37.1841,56.68,73,0,19.17,clear sky
276,Fortuna,US,40.5982,-124.1573,54.93,85,0,1.01,clear sky
277,Simpang,ID,-1.2667,104.0833,85.41,66,100,6.08,overcast clouds
278,Mirnyy,RU,62.5353,113.9611,37.24,44,98,15.99,overcast clouds
279,Vila Franca Do Campo,PT,37.7167,-25.4333,63.01,78,100,7.31,overcast clouds
280,Te Anau,NZ,-45.4167,167.7167,63.61,61,33,4.72,scattered clouds
281,El Angel,EC,0.6167,-77.9333,43.63,89,99,4.38,overcast clouds
282,Constitucion,CL,-35.3333,-72.4167,55.69,79,93,2.28,overcast clouds
283,Mackay,AU,-21.15,149.2,87.67,73,14,12.66,few clouds
284,Snezhnogorsk,RU,69.1933,33.2531,22.78,79,99,9.48,overcast clouds
285,Tecoanapa,MX,16.5167,-98.75,80.44,64,100,4.7,overcast clouds
286,Chilca,PE,-12.5211,-76.7372,63.97,90,12,5.26,few clouds
287,Souillac,MU,-20.5167,57.5167,77.38,83,40,16.11,light rain
288,Camacha,PT,33.0833,-16.3333,60.22,72,75,10.36,broken clouds
289,Beidao,CN,34.5686,105.8933,73.65,44,0,6.91,clear sky
290,Sabzevar,IR,36.2126,57.6819,51.08,93,0,0.0,clear sky
291,Marsa Matruh,EG,31.3525,27.2453,62.8,77,40,12.66,scattered clouds
292,Krasnoselkup,RU,65.7,82.4667,36.77,96,100,22.66,overcast clouds
293,Padang,ID,-0.9492,100.3543,84.25,66,77,3.11,broken clouds
294,Ahipara,NZ,-35.1667,173.1667,68.67,64,21,7.54,few clouds
295,Sangar,RU,63.9242,127.4739,36.5,84,100,8.7,overcast clouds
296,Aklavik,CA,68.2191,-135.0107,30.24,85,100,11.86,overcast clouds
297,Viedma,AR,-40.8135,-62.9967,62.01,37,82,9.64,broken clouds
298,Bangassou,CF,4.7413,22.8184,70.09,88,75,1.74,broken clouds
299,Sitka,US,57.0531,-135.33,44.49,70,100,9.22,light rain
300,Soe,ID,-9.8607,124.284,77.79,70,55,6.08,broken clouds
301,Leshukonskoye,RU,64.8989,45.7622,27.27,82,82,7.49,broken clouds
302,Manta,EC,-0.95,-80.7333,78.58,78,75,5.75,broken clouds
303,Serro,BR,-18.6047,-43.3794,67.35,60,46,3.36,scattered clouds
304,Kochubey,RU,44.3861,46.5825,58.01,74,70,7.56,broken clouds
305,Narsaq,GL,60.9167,-46.05,35.82,49,100,5.44,overcast clouds
306,Luanda,AO,-8.8368,13.2343,76.01,80,92,7.72,overcast clouds
307,Babu,CN,24.4167,111.5167,81.09,49,100,1.48,overcast clouds
308,Kargasok,RU,59.0556,80.8572,49.44,46,100,11.65,overcast clouds
309,Solok,ID,-0.7918,100.6593,79.75,56,76,2.06,broken clouds
310,College,US,64.8569,-147.8028,55.38,35,75,10.36,broken clouds
311,Talnakh,RU,69.4865,88.3972,34.21,99,100,13.62,snow
312,Cockburn Town,TC,21.4612,-71.1419,77.54,84,33,22.97,scattered clouds
313,Matay,EG,28.419,30.7792,61.59,58,0,8.03,clear sky
314,Bandarbeyla,SO,9.4942,50.8122,82.35,85,47,4.7,scattered clouds
315,Paita,PE,-5.0892,-81.1144,67.77,82,85,15.14,overcast clouds
316,Baruun-Urt,MN,46.6806,113.2792,38.79,79,100,23.8,overcast clouds
317,Provideniya,RU,64.3833,-173.3,28.51,80,40,7.0,scattered clouds
318,Vao,NC,-22.6667,167.4833,75.56,76,19,14.58,few clouds
319,Candelaria,PH,13.9311,121.4233,85.39,48,11,7.05,few clouds
320,Elliot Lake,CA,46.3834,-82.6331,41.74,72,20,3.2,few clouds
321,Kaitangata,NZ,-46.2817,169.8464,63.18,57,14,2.33,few clouds
322,Quatre Cocos,MU,-20.2078,57.7625,78.1,81,47,19.22,light rain
323,Tongliao,CN,43.6125,122.2653,83.21,19,94,27.09,overcast clouds
324,Pervomayskoye,RU,43.919,46.7102,54.16,74,44,5.37,scattered clouds
325,Port Blair,IN,11.6667,92.75,78.84,83,75,4.61,light rain
326,Hasaki,JP,35.7333,140.8333,81.28,69,100,15.59,overcast clouds
327,Rasht,IR,37.2808,49.5832,57.02,100,75,0.0,broken clouds
328,Plouzane,FR,48.3833,-4.6167,53.92,94,100,3.44,overcast clouds
329,Cairns,AU,-16.9167,145.7667,87.12,67,39,10.36,scattered clouds
330,Dakar,SN,14.6937,-17.4441,70.68,85,0,13.85,clear sky
331,Miquelon,PM,47.0975,-56.3814,39.7,91,100,11.7,overcast clouds
332,Puerto Escondido,MX,15.85,-97.0667,81.43,74,0,3.44,clear sky
333,Grajewo,PL,53.6473,22.4554,36.54,67,86,9.01,overcast clouds
334,Ucluelet,CA,48.9329,-125.5528,45.09,88,100,1.01,overcast clouds
335,Gamba,GA,-2.65,10.0,73.87,93,100,6.76,light rain
336,Sokoni,TZ,-6.4333,39.55,78.03,81,7,16.22,light rain
337,The Valley,AI,18.217,-63.0578,78.82,76,11,20.11,few clouds
338,Nanortalik,GL,60.1432,-45.2371,31.1,87,100,6.04,overcast clouds
339,Timra,SE,62.487,17.3257,33.48,86,100,0.0,overcast clouds
340,Alekseyevskaya,RU,50.2896,42.1845,45.81,83,100,15.03,overcast clouds
341,Flinders,AU,-34.5833,150.8552,71.19,74,16,5.01,few clouds
342,Kokopo,PG,-4.352,152.2633,83.39,75,59,2.75,light rain
343,Lata,PT,40.1629,-8.3327,53.08,76,8,3.51,clear sky
344,Santa Maria,BR,-29.6842,-53.8069,61.9,88,75,2.3,broken clouds
345,Secunda,ZA,-26.55,29.1667,45.32,97,4,1.7,clear sky
346,Saint George,US,37.1041,-113.5841,73.99,23,0,14.97,clear sky
347,Troitskoye,RU,52.9821,84.6757,48.11,36,100,7.25,overcast clouds
348,Devarkonda,IN,16.7,78.9333,91.83,42,68,7.99,broken clouds
349,Longyearbyen,SJ,78.2186,15.6401,19.24,63,20,2.3,few clouds
350,Faanui,PF,-16.4833,-151.75,81.75,75,27,9.69,scattered clouds
351,Colares,PT,38.7992,-9.4469,63.59,53,2,1.99,clear sky
352,Broken Hill,AU,-31.95,141.4333,55.11,58,4,11.5,clear sky
353,Jacqueville,CI,5.2052,-4.4146,81.81,81,98,7.63,light rain
354,San Miguel,SV,13.4833,-88.1833,85.66,66,40,2.3,smoke
355,East London,ZA,-33.0153,27.9116,63.88,79,16,3.2,few clouds
356,Stephenville,US,32.2207,-98.2023,80.19,65,0,19.57,clear sky
357,Saint Anthony,US,45.0205,-93.218,58.93,51,0,8.05,clear sky
358,Saldanha,ZA,-33.0117,17.9442,48.25,69,37,1.07,scattered clouds
359,Arequipa,PE,-16.3989,-71.535,53.67,62,0,3.44,clear sky
360,Hambantota,LK,6.1241,81.1185,80.94,94,20,3.44,few clouds
361,Seoul,KR,37.5683,126.9778,72.79,30,0,8.05,clear sky
362,Guaruja,BR,-23.9931,-46.2564,68.59,60,0,15.32,clear sky
363,Payo,ID,-3.7508,103.6372,86.05,62,63,4.59,broken clouds
364,Pochutla,MX,15.7432,-96.4661,84.02,56,71,7.07,broken clouds
365,Ous,RU,60.9058,61.5186,39.11,73,59,2.82,broken clouds
366,Bengkulu,ID,-3.8004,102.2655,83.89,66,81,4.16,broken clouds
367,Liverpool,GB,53.4106,-2.9779,51.15,88,75,5.75,broken clouds
368,Kirakira,SB,-10.4544,161.9205,82.0,80,40,3.96,scattered clouds
369,Hangu,CN,39.2489,117.7892,84.24,29,45,21.09,scattered clouds
370,Saquarema,BR,-22.92,-42.5103,73.67,89,58,3.89,broken clouds
371,Havre-Saint-Pierre,CA,50.2334,-63.5986,34.16,100,75,6.91,mist
372,Kanniyakumari,IN,8.0833,77.5667,84.67,75,100,16.04,overcast clouds
373,Kindu,CD,-2.95,25.95,70.61,94,88,1.9,overcast clouds
374,Winslow,US,35.0242,-110.6974,66.38,13,0,12.66,clear sky
375,Camapua,BR,-19.5314,-54.0439,56.39,70,0,4.92,clear sky
376,Wad Madani,SD,14.4012,33.5199,89.4,41,6,10.27,clear sky
377,Puerto Carreno,CO,6.189,-67.4859,84.33,64,49,3.15,scattered clouds
378,Bilibino,RU,68.0546,166.4372,32.36,94,99,3.0,overcast clouds
379,Millinocket,US,45.6573,-68.7098,46.51,100,100,0.0,overcast clouds
380,Maumere,ID,-8.6199,122.2111,86.22,67,98,4.65,overcast clouds
381,Ostrovnoy,RU,68.0531,39.5131,21.51,85,83,15.05,broken clouds
382,Sakakah,SA,29.9697,40.2064,65.77,55,0,9.8,clear sky
383,Mehamn,NO,71.0357,27.8492,22.95,74,40,10.36,scattered clouds
384,Priargunsk,RU,50.3691,119.1012,52.95,26,100,18.68,overcast clouds
385,Suarez,CO,2.954,-76.6964,67.5,97,89,2.55,overcast clouds
386,Mackenzie,CA,55.2999,-123.1698,48.42,57,75,9.22,broken clouds
387,Armidale,AU,-30.5167,151.65,57.99,92,100,7.36,light rain
388,Pundaguitan,PH,6.3711,126.1689,82.65,75,99,8.99,overcast clouds
389,Lazaro Cardenas,MX,17.9583,-102.2,77.05,77,88,6.11,overcast clouds
390,Ingham,US,42.6,-84.3833,49.95,82,0,0.0,clear sky
391,Olga,RU,43.7444,135.2892,53.87,64,78,5.73,broken clouds
392,Pidigan,PH,17.57,120.5903,92.62,70,74,6.96,broken clouds
393,Salekhard,RU,66.53,66.6019,21.43,76,1,16.31,clear sky
394,Lichtervelde,BE,51.0283,3.1458,54.03,88,84,5.99,broken clouds
395,Dwarka,IN,22.2394,68.9678,83.66,72,27,11.14,scattered clouds
396,Hualmay,PE,-11.0964,-77.6139,64.53,88,5,7.92,clear sky
397,Cuamba,MZ,-14.8031,36.5372,59.81,99,63,3.02,broken clouds
398,Smithers,CA,54.7804,-127.1743,46.72,61,100,6.91,overcast clouds
399,Champerico,GT,14.3,-91.9167,84.47,73,100,6.78,overcast clouds
400,Shimoda,JP,34.6667,138.95,74.1,62,100,8.88,overcast clouds
401,Nabire,ID,-3.3667,135.4833,87.98,64,73,5.32,broken clouds
402,Miguel Calmon,BR,-11.4289,-40.595,67.95,94,16,2.55,few clouds
403,Saint-Pierre,RE,-21.3393,55.4781,74.88,81,4,8.05,clear sky
404,Savonlinna,FI,61.8699,28.88,32.05,64,0,4.61,clear sky
405,Mazyr,BY,52.0495,29.2456,33.98,67,47,4.47,scattered clouds
406,Karakol,KG,42.4907,78.3936,51.57,93,100,2.66,light rain
407,Norwich,GB,52.6278,1.2983,49.93,92,18,4.61,few clouds
408,Udachnyy,RU,66.4167,112.4,32.45,46,95,14.52,overcast clouds
409,Lar,IN,26.2039,83.9717,88.97,45,2,11.81,clear sky
410,Marshall,US,34.3834,-86.3333,71.35,84,0,5.75,clear sky
411,Coos Bay,US,43.3665,-124.2179,54.99,91,100,6.91,overcast clouds
412,Fuerte Olimpo,PY,-21.0415,-57.8738,57.47,68,0,3.78,clear sky
413,Xihe,CN,31.6864,113.4659,79.21,47,0,14.81,clear sky
414,San Felipe,VE,10.3399,-68.7425,73.76,92,100,5.35,overcast clouds
415,Umba,RU,66.6871,34.3429,27.64,76,13,6.13,few clouds
416,Takoradi,GH,4.8845,-1.7554,79.68,86,100,5.88,overcast clouds
417,Lubao,PH,14.9167,120.55,92.91,46,23,6.53,few clouds
418,Medicine Hat,CA,50.0501,-110.6683,65.39,37,75,13.8,broken clouds
419,Nantucket,US,41.2835,-70.0995,53.74,98,100,8.05,mist
420,Sao Joao Da Barra,BR,-21.6403,-41.0511,76.41,87,73,15.52,broken clouds
421,Nouakchott,MR,18.0858,-15.9785,71.53,76,3,13.71,clear sky
422,Muli,MV,2.9167,73.5667,83.5,72,100,15.23,light rain
423,Seymchan,RU,62.8833,152.4333,35.82,73,26,4.92,scattered clouds
424,Biltine,TD,14.5333,20.9167,88.86,28,93,3.94,overcast clouds
425,Tabuk,PH,17.4189,121.4443,86.85,60,53,7.54,broken clouds
426,Kourou,GF,5.1552,-52.6478,78.12,92,100,3.51,overcast clouds
427,Mopti,ML,14.6667,-4.0,89.2,14,61,7.94,broken clouds
428,Tala,EG,30.6803,30.9429,56.28,92,0,6.08,clear sky
429,Juneau,US,58.3019,-134.4197,44.6,96,100,17.27,overcast clouds
430,Salmas,IR,38.1973,44.7653,53.98,78,2,0.89,clear sky
431,Talaya,RU,61.3833,152.75,34.09,83,22,2.77,few clouds
432,Joshimath,IN,30.5667,79.5667,68.2,44,43,4.76,scattered clouds
433,Tateyama,JP,34.9833,139.8667,67.42,72,100,11.41,overcast clouds
434,Port Keats,AU,-14.25,129.55,93.58,39,5,6.46,clear sky
435,Morehead,US,37.2711,-87.1764,55.99,87,0,0.0,clear sky
436,Yibin,CN,28.7667,104.6238,79.81,48,100,0.98,overcast clouds
437,Lukovetskiy,RU,64.2956,41.9211,29.64,81,100,7.7,overcast clouds
438,Shamkhal,RU,43.0596,47.3373,46.38,69,33,4.25,scattered clouds
439,Merauke,ID,-8.4667,140.3333,86.68,60,78,9.82,broken clouds
440,Mount Gambier,AU,-37.8333,140.7667,46.31,93,100,6.91,moderate rain
441,Shintomi,JP,32.0785,131.4723,72.72,67,100,8.68,overcast clouds
442,Cayenne,GF,4.9333,-52.3333,78.1,1,100,0.0,overcast clouds
443,Kuna,US,43.4918,-116.4201,72.16,31,0,0.0,clear sky
444,Dalbandin,PK,28.8947,64.4101,81.68,20,0,7.76,clear sky
445,Fairbanks,US,64.8378,-147.7164,55.4,32,0,10.36,clear sky
446,Freetown,SL,8.484,-13.2299,79.99,80,88,1.21,overcast clouds
447,Burgersdorp,ZA,-30.9977,26.3286,52.45,48,0,1.01,clear sky
448,Namibe,AO,-15.1961,12.1522,78.04,59,2,1.07,clear sky
449,Pangoa,PE,-12.1167,-73.0,64.71,96,92,0.51,overcast clouds
450,Eyl,SO,7.9803,49.8164,84.09,75,54,1.19,broken clouds
451,Salinopolis,BR,-0.6136,-47.3561,77.88,87,94,5.64,light rain
452,Bereda,ES,43.2686,-7.5406,48.58,94,97,4.43,overcast clouds
453,Menongue,AO,-14.6585,17.691,53.2,76,5,3.31,clear sky
454,Chisec,GT,15.8167,-90.2833,76.77,86,100,4.47,overcast clouds
455,Karratha,AU,-20.7377,116.8463,83.16,32,0,24.54,clear sky
456,Harper,LR,4.375,-7.7169,80.24,84,75,2.26,broken clouds
457,Batemans Bay,AU,-35.7167,150.1833,64.09,84,82,5.99,broken clouds
458,Jinchang,CN,38.4953,102.1739,81.95,7,8,13.02,clear sky
459,Zabaykalsk,RU,49.6333,117.3167,48.29,28,100,23.78,overcast clouds
460,Peremyshlyany,UA,49.6652,24.5585,42.21,62,53,6.73,broken clouds
461,Grindavik,IS,63.8424,-22.4338,36.07,64,0,2.3,clear sky
462,Westport,US,41.1415,-73.3579,59.61,92,20,0.0,few clouds
463,Bukachacha,RU,52.9833,116.9167,45.37,18,100,8.25,overcast clouds
464,Lagos,NG,6.5833,3.75,75.52,92,100,1.45,overcast clouds
465,Auki,SB,-8.7676,160.7034,84.88,66,40,1.99,scattered clouds
466,Zavallya,UA,48.2135,30.0156,40.33,72,0,8.84,clear sky
467,Banda Aceh,ID,5.5577,95.3222,84.0,73,100,12.06,overcast clouds
468,Pacific Grove,US,36.6177,-121.9166,57.31,90,0,10.0,clear sky
469,Bulgan,MN,48.8125,103.5347,40.55,32,12,4.21,few clouds
470,Ketchikan,US,55.3422,-131.6461,48.67,71,20,14.97,few clouds
471,Canutama,BR,-6.5339,-64.3831,73.27,98,100,1.74,heavy intensity rain
472,Cravo Norte,CO,6.3017,-70.2041,84.52,59,92,3.89,overcast clouds
473,Urumqi,CN,43.801,87.6005,74.35,33,0,6.71,clear sky
474,Port Shepstone,ZA,-30.7414,30.455,64.62,82,0,5.37,clear sky
475,Petropavlovsk-Kamchatskiy,RU,53.0452,158.6483,45.19,57,20,13.42,few clouds
476,Honiara,SB,-9.4333,159.95,84.58,72,37,3.83,scattered clouds
477,Amuntai,ID,-2.4177,115.2494,90.07,56,80,1.1,broken clouds
478,Rio Gallegos,AR,-51.6226,-69.2181,41.05,87,100,10.36,overcast clouds
479,Zhanaozen,KZ,43.3,52.8,64.2,27,5,15.73,clear sky
480,Yarkovo,RU,57.4028,67.0786,53.87,38,18,10.25,few clouds
481,Khandyga,RU,62.6667,135.6,36.73,95,100,8.79,light rain
482,Northam,GB,51.0333,-4.2167,49.6,97,22,3.91,few clouds
483,Buy,RU,58.4786,41.53,30.67,66,8,6.76,clear sky
484,Penzance,GB,50.1186,-5.5371,47.08,86,60,3.89,broken clouds
485,Tacuati,PY,-23.45,-56.5833,60.57,81,54,2.55,broken clouds
486,Chumikan,RU,54.7183,135.315,33.1,99,100,3.31,light snow
487,Kiruna,SE,67.8557,20.2251,22.12,74,100,2.3,overcast clouds
488,Vardo,NO,70.3705,31.1107,27.46,69,87,9.28,overcast clouds
489,Pavlikeni,BG,43.2428,25.3219,47.68,81,82,1.66,broken clouds
490,Holme,DK,56.1138,10.1725,39.18,87,100,6.29,overcast clouds
491,Obernai,FR,48.4631,7.481,54.91,82,100,3.44,overcast clouds
492,Melilla,ES,35.2937,-2.9383,59.38,88,0,0.0,clear sky
493,Moussoro,TD,13.6408,16.4901,85.91,20,96,1.97,overcast clouds
494,Ossora,RU,59.2353,163.0719,32.92,95,30,3.76,scattered clouds
495,Key West,US,24.5557,-81.7826,84.2,77,0,9.22,clear sky
496,Klaebu,NO,63.2976,10.4826,41.23,92,99,4.76,overcast clouds
497,Broome,US,42.2506,-75.833,55.2,91,100,11.5,overcast clouds
498,Barstow,US,34.8986,-117.0228,81.59,13,0,6.11,clear sky
499,Yulara,AU,-25.2406,130.9889,62.44,39,0,16.11,clear sky
500,West Wendover,US,40.7391,-114.0733,61.81,34,0,10.36,clear sky
501,Ubinskoye,RU,55.3068,79.6802,52.57,34,99,7.52,overcast clouds
502,Cabedelo,BR,-6.9811,-34.8339,77.67,85,61,11.54,broken clouds
503,Kalmunai,LK,7.4167,81.8167,84.96,72,56,3.85,broken clouds
504,Komsomolskiy,UZ,40.4272,71.7189,66.92,72,20,6.91,few clouds
505,Keflavik,IS,64.0049,-22.5624,36.03,64,0,2.3,clear sky
506,Aksarka,RU,66.5606,67.7975,21.58,80,4,12.57,clear sky
507,Acarau,BR,-2.8856,-40.12,77.56,87,100,10.27,overcast clouds
508,Arlit,NE,18.7369,7.3853,86.05,8,28,10.65,scattered clouds
509,Zhangye,CN,38.9342,100.4517,79.34,11,10,12.88,clear sky
510,Manzhouli,CN,49.6,117.4333,48.63,28,100,23.6,overcast clouds
511,Demba,CD,-5.51,22.2667,68.22,89,58,2.37,broken clouds
512,Sinnamary,GF,5.3833,-52.95,76.19,89,100,5.14,overcast clouds
513,Denpasar,ID,-8.65,115.2167,85.71,79,20,8.05,few clouds
514,Saint-Augustin,CA,51.226,-58.6502,35.71,95,100,11.45,overcast clouds
515,Comodoro Rivadavia,AR,-45.8667,-67.5,55.26,38,0,21.85,clear sky
516,Yatou,CN,37.15,122.3833,67.19,51,20,16.31,few clouds
517,Chapada Dos Guimaraes,BR,-15.4606,-55.7497,56.86,63,0,2.35,clear sky
518,Roebourne,AU,-20.7833,117.1333,82.78,32,0,23.49,clear sky
519,San Pedro,PH,14.35,121.0167,90.32,61,20,8.05,few clouds
520,Port Augusta,AU,-32.5,137.7667,60.58,49,43,19.66,scattered clouds
521,Parfino,RU,57.9731,31.6481,30.6,61,36,4.25,scattered clouds
522,Upata,VE,8.0086,-62.3989,73.18,90,59,6.08,broken clouds
523,North Myrtle Beach,US,33.816,-78.68,73.49,91,0,14.97,clear sky
524,Kyren,RU,51.6828,102.1408,41.83,53,53,2.3,broken clouds
525,Sao Luiz Gonzaga,BR,-28.4083,-54.9608,56.01,96,0,5.75,clear sky
526,Pastos Bons,BR,-6.6017,-44.0767,73.42,87,59,2.46,broken clouds
527,De-Kastri,RU,51.4667,140.7833,36.3,98,100,18.16,overcast clouds
528,Antsohihy,MG,-14.8796,47.9875,74.05,66,12,8.84,few clouds
529,Gimbi,ET,9.1667,35.8333,56.71,93,52,3.22,broken clouds
530,Lumajang,ID,-8.1335,113.2248,85.53,69,91,4.5,overcast clouds
531,Kerema,PG,-7.9631,145.7785,80.22,78,100,5.77,heavy intensity rain
532,Maniitsoq,GL,65.4167,-52.9,14.9,82,26,8.32,scattered clouds
533,Doka,SD,13.5167,35.7667,81.97,52,1,9.6,clear sky
534,Alofi,NU,-19.0595,-169.9187,80.49,74,26,8.05,scattered clouds
535,Teguldet,RU,57.3064,88.1667,48.29,37,16,8.79,few clouds
536,Nefteyugansk,RU,61.0998,72.6035,52.86,48,83,21.59,broken clouds
537,Emerald,AU,-23.5333,148.1667,82.35,61,0,4.61,clear sky
538,Ippy,CF,6.2679,21.2247,70.14,91,97,2.95,light rain
539,Pankrushikha,RU,53.8319,80.3406,51.93,27,96,6.67,overcast clouds
540,Callaguip,PH,18.0714,120.4867,84.22,74,75,2.3,moderate rain
541,Nizhnyaya Salda,RU,58.0776,60.7202,44.29,71,87,2.3,overcast clouds
542,Sistranda,NO,63.7256,8.834,44.56,89,100,18.95,light rain
543,Sebaco,NI,12.8532,-86.0963,75.31,85,97,4.36,overcast clouds
544,Sambava,MG,-14.2667,50.1667,73.2,81,52,12.66,broken clouds
545,Kaoma,ZM,-14.7833,24.8,54.97,90,5,5.37,clear sky
546,Olafsvik,IS,64.8945,-23.7142,36.07,65,99,7.09,overcast clouds
547,Larsnes,NO,62.2028,5.5773,48.45,82,100,16.6,overcast clouds
548,Walla Walla,US,46.0646,-118.343,67.86,65,81,2.08,broken clouds
549,Negara,ID,-8.3151,114.6025,84.61,70,98,5.66,overcast clouds
550,San Bartolome De Tirajana,ES,27.9248,-15.5733,54.07,68,75,17.27,broken clouds
551,San Jose,US,37.3394,-121.895,73.27,50,20,14.97,few clouds
552,Makat,KZ,47.6469,53.3463,57.31,47,0,5.01,clear sky
553,Zyryanka,RU,65.75,150.85,36.46,80,90,10.8,overcast clouds
554,Sisimiut,GL,66.9395,-53.6735,14.99,85,14,5.95,few clouds
555,Strunino,RU,56.3833,38.5667,30.67,81,15,6.46,few clouds
556,Sungaipenuh,ID,-2.0833,101.3833,79.77,56,85,2.93,overcast clouds
557,Soyo,AO,-6.1349,12.3689,78.69,89,100,4.25,overcast clouds
558,El Dorado,US,38.7666,-120.5177,73.98,59,0,3.89,clear sky
559,Tshane,BW,-24.0196,21.8684,59.02,52,0,5.03,clear sky
560,Bouna,CI,9.2667,-3.0,79.59,68,100,9.69,overcast clouds
561,Woodward,US,36.4337,-99.3904,52.83,96,100,13.8,mist
562,Dhidhdhoo,MV,6.8833,73.1,85.53,70,100,14.58,overcast clouds
563,Agirish,RU,61.9247,63.0231,34.32,64,6,8.5,clear sky
564,Eureka,US,40.8021,-124.1637,55.2,85,100,1.99,overcast clouds
565,Naze,JP,28.3667,129.4833,68.92,91,100,10.04,moderate rain
566,Aquidauana,BR,-20.4711,-55.7872,57.47,81,0,3.94,clear sky
567,Hun,LY,29.1268,15.9477,68.99,29,11,18.86,few clouds
568,Lagunas,PE,-5.2269,-75.6753,72.88,99,100,2.66,overcast clouds
569,Durango,MX,24.8333,-104.8333,65.14,21,1,11.41,clear sky
570,Pirovskoye,RU,57.6267,92.2658,47.01,46,3,8.55,clear sky
571,Port Hedland,AU,-20.3167,118.5667,82.45,30,3,23.02,clear sky
572,Nizwa,OM,22.9333,57.5333,85.1,20,0,4.56,clear sky
573,Shelburne,CA,44.0787,-80.2041,45.05,74,13,6.2,few clouds
574,Amapa,BR,1.0,-52.0,71.69,99,100,2.17,overcast clouds
575,Boden,SE,65.8252,21.6886,30.2,75,100,4.07,overcast clouds
576,Glendale,US,33.5387,-112.186,87.69,11,0,12.66,clear sky
577,Kiama,AU,-34.6833,150.8667,71.38,73,22,1.99,few clouds
578,Tshikapa,CD,-6.4167,20.8,70.45,81,94,2.68,overcast clouds
579,Klyuchi,RU,52.2667,79.1667,53.35,26,38,5.88,scattered clouds
580,Korla,CN,41.7597,86.1469,81.66,21,87,12.95,overcast clouds
581,Alice Springs,AU,-23.7,133.8833,62.15,45,62,14.97,broken clouds
582,Mogosesti,RO,47.0333,27.5333,46.85,71,0,3.44,clear sky
583,Yumen,CN,40.2833,97.2,74.53,24,100,19.01,overcast clouds
584,Metu,ET,8.3,35.5833,56.91,97,90,3.47,overcast clouds
585,Iberia,US,29.9502,-91.7507,77.07,88,0,5.75,clear sky
586,Boende,CD,-0.2167,20.8667,71.01,99,98,1.63,light rain
587,Guipavas,FR,48.4352,-4.3972,53.92,94,100,3.44,overcast clouds
588,Honolulu,US,21.3069,-157.8583,84.02,66,40,19.57,scattered clouds
589,Kununurra,AU,-15.7667,128.7333,91.38,29,7,12.66,clear sky
590,Tynda,RU,55.1667,124.7167,42.6,52,63,4.61,light rain
591,Tiznit,MA,29.5833,-9.5,56.03,86,28,1.97,scattered clouds
592,Sherlovaya Gora,RU,50.5667,116.25,42.12,19,100,20.83,overcast clouds
593,Levice,SK,48.2156,18.6071,54.82,91,100,3.83,light rain
594,Hamilton,US,39.1834,-84.5333,56.98,84,100,9.22,overcast clouds
595,North Bend,US,43.4065,-124.2243,54.91,91,100,6.91,overcast clouds
596,Itaueira,BR,-7.6033,-43.0256,78.31,53,100,4.38,overcast clouds
597,Abu Dhabi,AE,24.4667,54.3667,77.97,76,0,3.44,clear sky
598,Port Hardy,CA,50.6996,-127.4199,46.58,93,100,3.44,light rain
599,Nouadhibou,MR,20.931,-17.0347,63.23,85,0,19.33,clear sky
600,Maragogi,BR,-9.0122,-35.2225,77.05,88,36,7.54,scattered clouds
601,Asilah,MA,35.465,-6.0348,57.16,84,6,4.59,clear sky
602,Port Macquarie,AU,-31.4333,152.9167,71.89,68,99,7.56,overcast clouds
603,Liwale,TZ,-9.7667,37.9333,64.06,92,98,5.35,overcast clouds
604,Lieto,FI,60.5103,22.4618,43.07,74,0,6.91,clear sky
605,Muhos,FI,64.808,25.9931,29.98,73,99,5.59,overcast clouds
606,Bonavista,CA,48.6499,-53.1147,38.25,91,100,12.91,overcast clouds
607,Atar,MR,20.5169,-13.0499,78.06,20,4,10.47,clear sky
608,Waingapu,ID,-9.6567,120.2641,86.85,62,100,10.96,overcast clouds
609,Kabalo,CD,-6.05,26.9167,66.54,94,73,3.83,broken clouds
610,Kharan,PK,28.5833,65.4167,85.01,17,0,6.6,clear sky
611,Thaba Nchu,ZA,-29.2093,26.839,49.48,53,1,4.45,clear sky
612,Omboue,GA,-1.5746,9.2618,73.71,93,100,9.6,overcast clouds
613,Jaru,BR,-10.4389,-62.4664,70.88,90,59,3.11,broken clouds
614,Fuyu,CN,45.1833,124.8167,79.03,23,99,23.82,overcast clouds
615,Ixtapa,MX,20.7,-105.2,76.23,78,70,3.0,broken clouds
616,Aksu,CN,41.1231,80.2644,80.19,13,96,4.65,overcast clouds
617,Yanam,IN,16.7333,82.2167,92.12,55,75,5.21,broken clouds
618,Ifanadiana,MG,-21.3,47.6333,58.06,98,24,3.62,few clouds
619,Mitsamiouli,KM,-11.3847,43.2844,79.83,73,65,6.46,broken clouds
620,Marstal,DK,54.8562,10.5173,40.91,75,99,8.61,overcast clouds
621,Arsk,RU,56.0915,49.8778,36.18,97,99,12.57,light rain
622,Palafrugell,ES,41.9174,3.1631,63.43,42,78,8.01,broken clouds
623,Foki,RU,56.693,54.3499,39.56,96,100,5.5,heavy intensity rain
624,Benguela,AO,-12.5763,13.4055,75.92,64,5,4.16,clear sky
625,Mulanje,MW,-16.0316,35.5,59.32,96,4,3.47,clear sky
626,Grand Gaube,MU,-20.0064,57.6608,78.39,75,29,8.99,scattered clouds
627,Bonfim,BR,3.0833,-59.95,76.66,78,100,2.55,overcast clouds
628,Maturin,VE,9.75,-63.1767,75.6,85,96,5.48,overcast clouds
629,Itarema,BR,-2.9248,-39.9167,76.77,89,100,9.01,overcast clouds
630,Launceston,AU,-41.45,147.1667,61.61,61,87,13.8,overcast clouds
631,Hattiesburg,US,31.3271,-89.2903,77.29,79,0,5.75,clear sky
632,Borogontsy,RU,62.6683,131.1683,33.4,100,100,2.8,light snow
633,Rincon,US,32.296,-81.2354,75.16,78,0,9.22,clear sky
634,Darhan,MN,49.4867,105.9228,46.06,35,22,13.67,few clouds
635,Luganville,VU,-15.5333,167.1667,83.91,74,18,5.32,light rain
636,Marica,BR,-22.9194,-42.8186,77.49,90,87,2.86,overcast clouds
637,Prince Rupert,CA,54.3161,-130.3201,44.69,81,75,17.27,broken clouds
638,Beckley,US,37.7782,-81.1882,60.69,88,100,6.91,overcast clouds
639,Vibo Valentia,IT,38.6996,16.1274,54.19,48,5,6.13,clear sky
640,Pasvalys,LT,56.0594,24.4036,38.3,68,100,6.89,overcast clouds
641,Akyab,MM,20.15,92.9,86.85,53,0,3.13,clear sky
642,Shache,CN,38.4167,77.2406,77.67,22,100,4.83,overcast clouds
643,Lahaina,US,20.8783,-156.6825,82.4,89,27,9.91,scattered clouds
644,Malakal,SS,9.5334,31.6605,80.91,60,97,4.79,overcast clouds
645,Inongo,CD,-1.95,18.2667,71.56,95,84,1.68,light rain
646,Luwero,UG,0.8492,32.4731,64.0,99,96,2.89,light rain
647,Naryan-Mar,RU,67.6713,53.087,17.55,96,81,4.21,broken clouds
648,Bagdarin,RU,54.4333,113.6,38.44,23,93,11.97,overcast clouds
649,Esterhazy,CA,50.65,-102.0843,59.85,55,24,9.35,few clouds
650,Sur,OM,22.5667,59.5289,83.77,51,0,5.53,clear sky
651,Shira,RU,54.4911,89.9531,44.73,29,95,10.92,overcast clouds
652,Chhoti Sadri,IN,24.3833,74.7,88.84,24,0,6.38,clear sky
653,Kuryk,KZ,43.2,51.65,65.08,35,4,12.48,clear sky
654,Iquitos,PE,-3.7481,-73.2472,77.04,94,75,2.3,broken clouds
655,Paragominas,BR,-2.9667,-47.4833,72.55,97,100,2.39,light rain
656,Shizukuishi,JP,39.6833,140.9833,72.37,29,10,7.45,clear sky
657,Zaragoza,ES,41.6561,-0.8773,56.01,65,0,13.8,clear sky
658,Srednekolymsk,RU,67.45,153.6833,34.32,97,100,3.02,overcast clouds
659,Oum Hadjer,TD,13.2954,19.6966,87.94,39,97,10.25,overcast clouds
660,San Cristobal,VE,7.7669,-72.225,75.38,82,100,2.1,overcast clouds
661,Balkhash,KZ,46.844,74.9804,57.81,41,40,13.42,scattered clouds
662,Ternate,ID,0.8,127.4,85.91,68,64,2.48,broken clouds
663,Don Sak,TH,9.3168,99.6918,87.94,79,84,5.99,broken clouds
664,Mercedes,AR,-34.6515,-59.4307,52.03,83,57,7.99,broken clouds
665,Murmashi,RU,68.8154,32.8115,23.41,79,75,2.24,broken clouds
666,Half Moon Bay,US,37.4636,-122.4286,71.58,85,100,19.57,mist
667,Kui Buri,TH,12.0828,99.8543,90.0,52,72,7.96,broken clouds
668,Cortland,US,42.6001,-76.083,53.96,93,100,0.0,overcast clouds
669,Vizinga,RU,61.0749,50.1031,31.12,64,12,6.89,few clouds
670,Khrebtovaya,RU,56.7032,104.2494,37.18,46,12,6.58,few clouds
671,Alice,US,27.7523,-98.0697,80.17,91,100,11.77,overcast clouds
672,Netivot,IL,31.4222,34.5886,58.6,80,11,9.06,few clouds
673,Correntina,BR,-13.3433,-44.6367,71.17,50,3,0.4,clear sky
674,Dire,ML,12.2833,-10.9667,83.84,50,21,2.33,few clouds
675,Mae Sot,TH,16.7167,98.5667,85.95,51,20,1.14,few clouds
676,Togur,RU,58.3631,82.8265,48.34,49,100,5.91,overcast clouds
677,Pangnirtung,CA,66.1451,-65.7125,8.62,91,100,4.18,overcast clouds
678,Sampit,ID,-2.5333,112.95,90.19,56,81,1.25,broken clouds
679,Rosaryville,US,38.7568,-76.8097,68.27,92,0,4.61,clear sky
680,Bac Lieu,VN,9.285,105.7244,85.84,70,94,14.36,overcast clouds
681,Moron,AR,-34.6534,-58.6198,58.89,86,61,5.14,broken clouds
682,Valparaiso,CL,-33.0393,-71.6273,57.47,88,100,0.0,overcast clouds
683,Killybegs,IE,54.6333,-8.45,50.76,88,100,8.46,overcast clouds
684,Tongzi,CN,28.7829,105.0877,76.5,53,100,2.06,overcast clouds
685,Mukono,UG,0.3533,32.7553,71.35,96,100,2.53,light rain
686,Warrenton,ZA,-28.114,24.8475,56.7,46,0,3.78,clear sky
687,Burnie,AU,-41.0667,145.9167,55.98,56,79,7.36,broken clouds
688,San Ignacio,BZ,17.1561,-89.0714,84.34,74,40,6.91,scattered clouds
689,Nikel,RU,69.4128,30.222,21.38,87,19,3.42,few clouds
690,Nautla,MX,20.2167,-96.7833,80.04,86,3,14.07,clear sky
691,Fort Nelson,CA,58.8053,-122.7002,54.99,30,40,5.75,scattered clouds
692,Palu,ID,-0.8917,119.8707,89.8,62,91,3.47,overcast clouds
693,Ust-Omchug,RU,61.15,149.6333,33.96,89,66,5.3,broken clouds
694,Jalu,LY,29.0331,21.5482,64.92,34,7,8.41,clear sky
695,Byron Bay,AU,-28.65,153.6167,78.94,70,41,10.4,scattered clouds
696,Bonthe,SL,7.5264,-12.505,80.55,82,71,2.64,moderate rain
697,Tazovskiy,RU,67.4667,78.7,33.1,98,100,13.82,overcast clouds
698,Aras,ES,42.5617,-2.356,43.75,93,0,8.05,clear sky
699,Villarrica,PY,-25.75,-56.4333,60.24,91,99,3.53,overcast clouds
700,Bjelovar,HR,45.8986,16.8489,50.09,86,16,3.85,few clouds
701,Svetlyy,RU,54.675,20.1347,41.05,65,100,11.83,overcast clouds
702,Kahta,TR,37.7855,38.6237,52.97,89,0,1.25,clear sky
